<?xml version="1.0" encoding="utf-8" ?>
<dwsync>
<file name="btnNext.png" local="129243678836971967" remote="129245937600000000" testing="0" />
<file name="btnPrevious.png" local="129243678837021970" remote="129245937600000000" testing="0" />
<file name="contentPatternBottom.png" local="129243678837071973" remote="129245937600000000" testing="0" />
<file name="contentPatternLeft.png" local="129243678837121976" remote="129245937600000000" testing="0" />
<file name="contentPatternRight.png" local="129243678837161978" remote="129245937600000000" testing="0" />
<file name="contentPatternTop.png" local="129243678837211981" remote="129245937600000000" testing="0" />
<file name="loader.gif" local="129243678837281985" remote="129245937600000000" testing="0" />
<file name="sprite.png" local="129243678837331988" remote="129245937600000000" testing="0" />
</dwsync>