{
	"name": "tabby",
	"title": "tabby",
	"description": "Add quick, dynamic tab functionality to any website.",
	"version": "0.5.0",
	"homepage": "https://github.com/SubZane/tabby",
	"author": {
		"name": "Andreas Norman",
		"email": "an@andreasnorman.se",
		"url": "http://www.andreasnorman.com"
	},
	"repository": {
		"type": "git",
		"url": "https://github.com/SubZane/tabby.git"
	},
	"bugs": "https://github.com/SubZane/tabby/issues",
	"licenses": [{
		"type": "MIT",
		"url": "https://github.com/SubZane/tabby/blob/master/LICENSE-MIT"
	}],
	"dependencies": {
		"jquery": "*"
	},
	"keywords": []
}
